{
  "best_model_name": "SoftVoting_Ensemble",
  "holdout_f1": 0.9688888888888889,
  "holdout_precision": 0.990909090909091,
  "holdout_recall": 0.9478260869565217,
  "ensemble_config": {
    "weight_name": "Equal",
    "weights": [
      0.3333333333333333,
      0.3333333333333333,
      0.3333333333333333
    ],
    "threshold": 0.49,
    "f1_score": 0.9624724061810155,
    "precision": 0.9775784753363229,
    "recall": 0.9478260869565217
  },
  "scale_pos_weight": 9.13771712158809,
  "random_seed": 42,
  "feature_count": 6044,
  "training_samples": 17063,
  "target_achieved": true
}