{
  "best_model_name": "SoftVoting_Ensemble",
  "holdout_f1": 0.7082152974504249,
  "holdout_precision": 0.9765625,
  "holdout_recall": 0.5555555555555556,
  "ensemble_config": {
    "weight_name": "LGB-focused",
    "weights": [
      0.5,
      0.3,
      0.2
    ],
    "threshold": 0.6,
    "f1_score": 0.9712918660287081,
    "precision": 0.9712918660287081,
    "recall": 0.9712918660287081
  },
  "scale_pos_weight": 10.396094839609484,
  "random_seed": 42,
  "feature_count": 3034,
  "training_samples": 17239,
  "target_achieved": false
}