model,test_f1,test_precision,test_recall,test_roc_auc,holdout_f1,holdout_precision,holdout_recall,holdout_roc_auc
LightGBM,0.9689737470167065,0.9666666666666667,0.9712918660287081,0.9995363847916207,0.7062146892655368,0.9689922480620154,0.5555555555555556,0.8629205001179523
XGBoost,0.9643705463182898,0.9575471698113207,0.9712918660287081,0.9995858970954282,0.7062146892655368,0.9689922480620154,0.5555555555555556,0.826756310450578
CatBoost,0.9409090909090909,0.8961038961038961,0.9904306220095693,0.9995386353508847,,,,
RandomForest,0.95,0.9947643979057592,0.9090909090909091,0.9986901745083654,,,,
SoftVoting_Ensemble,0.9712918660287081,0.9712918660287081,0.9712918660287081,0.0,0.7082152974504249,0.9765625,0.5555555555555556,0.8587732955885822
Stacking_Ensemble,0.9643705463182898,0.9575471698113207,0.9712918660287081,0.9997299328883227,,,,
SoftVoting_Ensemble_PP,0.9575471698113207,0.9441860465116279,0.9712918660287081,0.9996646666696674,,,,
